{
  "contacts" : [ {
    "type" : "Business",
    "pic" : "BuRGer.png",
    "name" : "HabitBurger",
    "email" : "HabitBurger@hotmail.com",
    "number" : "66113123123",
    "street" : "McBean pkwy",
    "city" : "Hueston",
    "state" : "CA",
    "zip" : "91390",
    "country" : "United States",
    "hours" : "9-17:00 Mon-Thur",
    "url" : "www.Habit.com",
    "person" : false,
    "business" : false,
    "favorite" : false
  }, {
    "type" : "Person",
    "pic" : "Hagen.jpg",
    "name" : "Ian Hagen",
    "email" : "tf2@gmail.com",
    "number" : "6612963236",
    "street" : "Raintree Ln",
    "city" : "Santa Clarita",
    "state" : "CA",
    "zip" : "91390",
    "country" : "United States",
    "description" : "TF2 god",
    "birthDay" : "10/21/199",
    "person" : true,
    "business" : false,
    "favorite" : true
  } ]
}